name,label,ap,aperr,at,aterr
DR1,DESI DR1 configuration,1.0039911881830086,0.011969594028499342,0.9916823225055956,0.013882736116989314
BB,with BB,0.9988055706205233,0.01034973693613811,1.0008979956366817,0.012857361683982771
CP1,No pairs $\theta<20'$ $v<4000$ km/s,0.9996099708908346,0.011732285688295985,0.9954359569981316,0.01340823311985273
CP2,No pairs $\theta<10'$ $v<2000$ km/s,1.0006508051570704,0.011480855744890273,0.9950258823550808,0.013264891905696408
CP3,No pairs $\theta<5'$ $v<1000$ km/s,1.0016303048796702,0.011436336037167427,0.994946279183328,0.013250419485229092
NL,Free NL BAO,1.0010583727345717,0.01118179176500117,0.9969678575142843,0.012397147449977663
DR2,DESI DR2,1.0016697419984024,0.011340488874880206,0.9949178539114953,0.01322692672758069
